INSERT INTO public.product (id, name, price) VALUES (1, 'Apple', 0.11);
INSERT INTO public.product (id, name, price) VALUES (2, 'Banana', 1.11);
INSERT INTO public.product (id, name, price) VALUES (3, 'Coconut', 2.22);
INSERT INTO public.product (id, name, price) VALUES (4, 'Pineaple', 3.33);
INSERT INTO public.product (id, name, price) VALUES (5, 'Mango', 4.44);
INSERT INTO public.product (id, name, price) VALUES (6, 'Melon', 5.55);
INSERT INTO public.product (id, name, price) VALUES (7, 'Strawberry', 6.66);
INSERT INTO public.product (id, name, price) VALUES (8, 'Kiwi', 7.77);
INSERT INTO public.product (id, name, price) VALUES (9, 'Avocado', 8.88);
INSERT INTO public.product (id, name, price) VALUES (10, 'Lime', 9.99);

INSERT INTO public.seller (id, name) VALUES (11, 'Kendrick Figueroa');
INSERT INTO public.seller (id, name) VALUES (12, 'Anika Jeffery');
INSERT INTO public.seller (id, name) VALUES (13, 'Anna Philip');
INSERT INTO public.seller (id, name) VALUES (14, 'Nichole Thomas');
INSERT INTO public.seller (id, name) VALUES (15, 'John Doe');

INSERT INTO public.sale (id, sale_date, total_amount, seller_id) VALUES (16, '2022-02-01', 50.06, 11);
INSERT INTO public.sale (id, sale_date, total_amount, seller_id) VALUES (17, '2022-02-03', 49.95, 11);
INSERT INTO public.sale (id, sale_date, total_amount, seller_id) VALUES (18, '2022-02-07', 48.84, 12);
INSERT INTO public.sale (id, sale_date, total_amount, seller_id) VALUES (19, '2022-02-11', 46.620000000000005, 12);
INSERT INTO public.sale (id, sale_date, total_amount, seller_id) VALUES (20, '2022-02-15', 43.29, 13);
INSERT INTO public.sale (id, sale_date, total_amount, seller_id) VALUES (21, '2022-02-18', 38.85, 13);
INSERT INTO public.sale (id, sale_date, total_amount, seller_id) VALUES (22, '2022-02-22', 33.300000000000004, 14);
INSERT INTO public.sale (id, sale_date, total_amount, seller_id) VALUES (23, '2022-02-25', 26.64, 15);
INSERT INTO public.sale (id, sale_date, total_amount, seller_id) VALUES (24, '2022-02-26', 18.87, 15);
INSERT INTO public.sale (id, sale_date, total_amount, seller_id) VALUES (25, '2022-02-28', 9.99, 15);
INSERT INTO public.sale (id, sale_date, total_amount, seller_id) VALUES (26, '2022-03-09', 11.21, 11);

INSERT INTO public.sale_products (sale_id, product_id) VALUES (16, 10);
INSERT INTO public.sale_products (sale_id, product_id) VALUES (17, 10);
INSERT INTO public.sale_products (sale_id, product_id) VALUES (18, 10);
INSERT INTO public.sale_products (sale_id, product_id) VALUES (19, 10);
INSERT INTO public.sale_products (sale_id, product_id) VALUES (20, 10);
INSERT INTO public.sale_products (sale_id, product_id) VALUES (21, 10);
INSERT INTO public.sale_products (sale_id, product_id) VALUES (22, 10);
INSERT INTO public.sale_products (sale_id, product_id) VALUES (23, 10);
INSERT INTO public.sale_products (sale_id, product_id) VALUES (24, 10);
INSERT INTO public.sale_products (sale_id, product_id) VALUES (25, 10);
INSERT INTO public.sale_products (sale_id, product_id) VALUES (26, 1);
INSERT INTO public.sale_products (sale_id, product_id) VALUES (26, 2);
INSERT INTO public.sale_products (sale_id, product_id) VALUES (26, 3);
INSERT INTO public.sale_products (sale_id, product_id) VALUES (26, 4);
INSERT INTO public.sale_products (sale_id, product_id) VALUES (26, 5);
